rag_place_id,local_image_count,primary_candidate,image_files,total_size_bytes
AG_0009,4,data/image_pipeline/downloaded/optimized/AG_0009/AG_0009_01.webp,data/image_pipeline/downloaded/optimized/AG_0009/AG_0009_01.webp|data/image_pipeline/downloaded/optimized/AG_0009/AG_0009_02.webp|data/image_pipeline/downloaded/optimized/AG_0009/AG_0009_03.webp|data/image_pipeline/downloaded/optimized/AG_0009/AG_0009_04.webp,601976
AG_0018,4,data/image_pipeline/downloaded/optimized/AG_0018/AG_0018_01.webp,data/image_pipeline/downloaded/optimized/AG_0018/AG_0018_01.webp|data/image_pipeline/downloaded/optimized/AG_0018/AG_0018_02.webp|data/image_pipeline/downloaded/optimized/AG_0018/AG_0018_03.webp|data/image_pipeline/downloaded/optimized/AG_0018/AG_0018_04.webp,350268
AG_0047,2,data/image_pipeline/downloaded/optimized/AG_0047/AG_0047_01.webp,data/image_pipeline/downloaded/optimized/AG_0047/AG_0047_01.webp|data/image_pipeline/downloaded/optimized/AG_0047/AG_0047_02.webp,230710
BDI_0001,3,data/image_pipeline/downloaded/optimized/BDI_0001/BDI_0001_01.webp,data/image_pipeline/downloaded/optimized/BDI_0001/BDI_0001_01.webp|data/image_pipeline/downloaded/optimized/BDI_0001/BDI_0001_02.webp|data/image_pipeline/downloaded/optimized/BDI_0001/BDI_0001_03.webp,234816
BDI_0002,3,data/image_pipeline/downloaded/optimized/BDI_0002/BDI_0002_01.webp,data/image_pipeline/downloaded/optimized/BDI_0002/BDI_0002_01.webp|data/image_pipeline/downloaded/optimized/BDI_0002/BDI_0002_02.webp|data/image_pipeline/downloaded/optimized/BDI_0002/BDI_0002_03.webp,274968
BDI_0017,3,data/image_pipeline/downloaded/optimized/BDI_0017/BDI_0017_01.webp,data/image_pipeline/downloaded/optimized/BDI_0017/BDI_0017_01.webp|data/image_pipeline/downloaded/optimized/BDI_0017/BDI_0017_02.webp|data/image_pipeline/downloaded/optimized/BDI_0017/BDI_0017_03.webp,302558
BK_0002,3,data/image_pipeline/downloaded/optimized/BK_0002/BK_0002_01.webp,data/image_pipeline/downloaded/optimized/BK_0002/BK_0002_01.webp|data/image_pipeline/downloaded/optimized/BK_0002/BK_0002_02.webp|data/image_pipeline/downloaded/optimized/BK_0002/BK_0002_03.webp,264192
BRVT_0009,2,data/image_pipeline/downloaded/optimized/BRVT_0009/BRVT_0009_01.webp,data/image_pipeline/downloaded/optimized/BRVT_0009/BRVT_0009_01.webp|data/image_pipeline/downloaded/optimized/BRVT_0009/BRVT_0009_02.webp,750844
BRVT_0044,1,data/image_pipeline/downloaded/optimized/BRVT_0044/BRVT_0044_01.webp,data/image_pipeline/downloaded/optimized/BRVT_0044/BRVT_0044_01.webp,115960
BRVT_0068,1,data/image_pipeline/downloaded/optimized/BRVT_0068/BRVT_0068_01.webp,data/image_pipeline/downloaded/optimized/BRVT_0068/BRVT_0068_01.webp,153938
BT_0003,2,data/image_pipeline/downloaded/optimized/BT_0003/BT_0003_01.webp,data/image_pipeline/downloaded/optimized/BT_0003/BT_0003_01.webp|data/image_pipeline/downloaded/optimized/BT_0003/BT_0003_02.webp,301228
BT_0009,3,data/image_pipeline/downloaded/optimized/BT_0009/BT_0009_01.webp,data/image_pipeline/downloaded/optimized/BT_0009/BT_0009_01.webp|data/image_pipeline/downloaded/optimized/BT_0009/BT_0009_02.webp|data/image_pipeline/downloaded/optimized/BT_0009/BT_0009_03.webp,289776
BT_0023,1,data/image_pipeline/downloaded/optimized/BT_0023/BT_0023_01.webp,data/image_pipeline/downloaded/optimized/BT_0023/BT_0023_01.webp,153856
BTre_0001,1,data/image_pipeline/downloaded/optimized/BTre_0001/BTre_0001_01.webp,data/image_pipeline/downloaded/optimized/BTre_0001/BTre_0001_01.webp,39452
CB_0001,2,data/image_pipeline/downloaded/optimized/CB_0001/CB_0001_01.webp,data/image_pipeline/downloaded/optimized/CB_0001/CB_0001_01.webp|data/image_pipeline/downloaded/optimized/CB_0001/CB_0001_02.webp,219974
CM_0001,4,data/image_pipeline/downloaded/optimized/CM_0001/CM_0001_01.webp,data/image_pipeline/downloaded/optimized/CM_0001/CM_0001_01.webp|data/image_pipeline/downloaded/optimized/CM_0001/CM_0001_02.webp|data/image_pipeline/downloaded/optimized/CM_0001/CM_0001_03.webp|data/image_pipeline/downloaded/optimized/CM_0001/CM_0001_04.webp,389492
CM_0019,2,data/image_pipeline/downloaded/optimized/CM_0019/CM_0019_01.webp,data/image_pipeline/downloaded/optimized/CM_0019/CM_0019_01.webp|data/image_pipeline/downloaded/optimized/CM_0019/CM_0019_02.webp,368692
CT_0031,4,data/image_pipeline/downloaded/optimized/CT_0031/CT_0031_01.webp,data/image_pipeline/downloaded/optimized/CT_0031/CT_0031_01.webp|data/image_pipeline/downloaded/optimized/CT_0031/CT_0031_02.webp|data/image_pipeline/downloaded/optimized/CT_0031/CT_0031_03.webp|data/image_pipeline/downloaded/optimized/CT_0031/CT_0031_04.webp,866758
DN_0001,4,data/image_pipeline/downloaded/optimized/DN_0001/DN_0001_01.webp,data/image_pipeline/downloaded/optimized/DN_0001/DN_0001_01.webp|data/image_pipeline/downloaded/optimized/DN_0001/DN_0001_02.webp|data/image_pipeline/downloaded/optimized/DN_0001/DN_0001_03.webp|data/image_pipeline/downloaded/optimized/DN_0001/DN_0001_04.webp,391248
DN_0007,4,data/image_pipeline/downloaded/optimized/DN_0007/DN_0007_01.webp,data/image_pipeline/downloaded/optimized/DN_0007/DN_0007_01.webp|data/image_pipeline/downloaded/optimized/DN_0007/DN_0007_02.webp|data/image_pipeline/downloaded/optimized/DN_0007/DN_0007_03.webp|data/image_pipeline/downloaded/optimized/DN_0007/DN_0007_04.webp,717340
DN_0019,2,data/image_pipeline/downloaded/optimized/DN_0019/DN_0019_01.webp,data/image_pipeline/downloaded/optimized/DN_0019/DN_0019_01.webp|data/image_pipeline/downloaded/optimized/DN_0019/DN_0019_02.webp,149290
DN_0028,1,data/image_pipeline/downloaded/optimized/DN_0028/DN_0028_01.webp,data/image_pipeline/downloaded/optimized/DN_0028/DN_0028_01.webp,128880
DN_0053,4,data/image_pipeline/downloaded/optimized/DN_0053/DN_0053_01.webp,data/image_pipeline/downloaded/optimized/DN_0053/DN_0053_01.webp|data/image_pipeline/downloaded/optimized/DN_0053/DN_0053_02.webp|data/image_pipeline/downloaded/optimized/DN_0053/DN_0053_03.webp|data/image_pipeline/downloaded/optimized/DN_0053/DN_0053_04.webp,313790
DNO_0001,5,data/image_pipeline/downloaded/optimized/DNO_0001/DNO_0001_01.webp,data/image_pipeline/downloaded/optimized/DNO_0001/DNO_0001_01.webp|data/image_pipeline/downloaded/optimized/DNO_0001/DNO_0001_02.webp|data/image_pipeline/downloaded/optimized/DNO_0001/DNO_0001_03.webp|data/image_pipeline/downloaded/optimized/DNO_0001/DNO_0001_04.webp|data/image_pipeline/downloaded/optimized/DNO_0001/DNO_0001_05.webp,570680
ha-noi_chua-tran-quoc,2,data/image_pipeline/downloaded/optimized/ha-noi_chua-tran-quoc/ha-noi_chua-tran-quoc_01.webp,data/image_pipeline/downloaded/optimized/ha-noi_chua-tran-quoc/ha-noi_chua-tran-quoc_01.webp|data/image_pipeline/downloaded/optimized/ha-noi_chua-tran-quoc/ha-noi_chua-tran-quoc_02.webp,347146
ha-noi_ho-hoan-kiem,4,data/image_pipeline/downloaded/optimized/ha-noi_ho-hoan-kiem/ha-noi_ho-hoan-kiem_01.webp,data/image_pipeline/downloaded/optimized/ha-noi_ho-hoan-kiem/ha-noi_ho-hoan-kiem_01.webp|data/image_pipeline/downloaded/optimized/ha-noi_ho-hoan-kiem/ha-noi_ho-hoan-kiem_02.webp|data/image_pipeline/downloaded/optimized/ha-noi_ho-hoan-kiem/ha-noi_ho-hoan-kiem_03.webp|data/image_pipeline/downloaded/optimized/ha-noi_ho-hoan-kiem/ha-noi_ho-hoan-kiem_04.webp,365140
ha-noi_hoang-thanh-thang-long,2,data/image_pipeline/downloaded/optimized/ha-noi_hoang-thanh-thang-long/ha-noi_hoang-thanh-thang-long_01.webp,data/image_pipeline/downloaded/optimized/ha-noi_hoang-thanh-thang-long/ha-noi_hoang-thanh-thang-long_01.webp|data/image_pipeline/downloaded/optimized/ha-noi_hoang-thanh-thang-long/ha-noi_hoang-thanh-thang-long_02.webp,294062
ha-noi_lang-chu-tich-ho-chi-minh,4,data/image_pipeline/downloaded/optimized/ha-noi_lang-chu-tich-ho-chi-minh/ha-noi_lang-chu-tich-ho-chi-minh_01.webp,data/image_pipeline/downloaded/optimized/ha-noi_lang-chu-tich-ho-chi-minh/ha-noi_lang-chu-tich-ho-chi-minh_01.webp|data/image_pipeline/downloaded/optimized/ha-noi_lang-chu-tich-ho-chi-minh/ha-noi_lang-chu-tich-ho-chi-minh_02.webp|data/image_pipeline/downloaded/optimized/ha-noi_lang-chu-tich-ho-chi-minh/ha-noi_lang-chu-tich-ho-chi-minh_03.webp|data/image_pipeline/downloaded/optimized/ha-noi_lang-chu-tich-ho-chi-minh/ha-noi_lang-chu-tich-ho-chi-minh_04.webp,458202
ha-noi_pho-co-ha-noi,4,data/image_pipeline/downloaded/optimized/ha-noi_pho-co-ha-noi/ha-noi_pho-co-ha-noi_01.webp,data/image_pipeline/downloaded/optimized/ha-noi_pho-co-ha-noi/ha-noi_pho-co-ha-noi_01.webp|data/image_pipeline/downloaded/optimized/ha-noi_pho-co-ha-noi/ha-noi_pho-co-ha-noi_02.webp|data/image_pipeline/downloaded/optimized/ha-noi_pho-co-ha-noi/ha-noi_pho-co-ha-noi_03.webp|data/image_pipeline/downloaded/optimized/ha-noi_pho-co-ha-noi/ha-noi_pho-co-ha-noi_04.webp,635018
ha-noi_van-mieu-quoc-tu-giam,4,data/image_pipeline/downloaded/optimized/ha-noi_van-mieu-quoc-tu-giam/ha-noi_van-mieu-quoc-tu-giam_01.webp,data/image_pipeline/downloaded/optimized/ha-noi_van-mieu-quoc-tu-giam/ha-noi_van-mieu-quoc-tu-giam_01.webp|data/image_pipeline/downloaded/optimized/ha-noi_van-mieu-quoc-tu-giam/ha-noi_van-mieu-quoc-tu-giam_02.webp|data/image_pipeline/downloaded/optimized/ha-noi_van-mieu-quoc-tu-giam/ha-noi_van-mieu-quoc-tu-giam_03.webp|data/image_pipeline/downloaded/optimized/ha-noi_van-mieu-quoc-tu-giam/ha-noi_van-mieu-quoc-tu-giam_04.webp,434320
HB_0004,1,data/image_pipeline/downloaded/optimized/HB_0004/HB_0004_01.webp,data/image_pipeline/downloaded/optimized/HB_0004/HB_0004_01.webp,191436
HCM_0001,3,data/image_pipeline/downloaded/optimized/HCM_0001/HCM_0001_01.webp,data/image_pipeline/downloaded/optimized/HCM_0001/HCM_0001_01.webp|data/image_pipeline/downloaded/optimized/HCM_0001/HCM_0001_02.webp|data/image_pipeline/downloaded/optimized/HCM_0001/HCM_0001_03.webp,269260
HCM_0002,2,data/image_pipeline/downloaded/optimized/HCM_0002/HCM_0002_01.webp,data/image_pipeline/downloaded/optimized/HCM_0002/HCM_0002_01.webp|data/image_pipeline/downloaded/optimized/HCM_0002/HCM_0002_02.webp,267316
HCM_0003,3,data/image_pipeline/downloaded/optimized/HCM_0003/HCM_0003_01.webp,data/image_pipeline/downloaded/optimized/HCM_0003/HCM_0003_01.webp|data/image_pipeline/downloaded/optimized/HCM_0003/HCM_0003_02.webp|data/image_pipeline/downloaded/optimized/HCM_0003/HCM_0003_03.webp,471110
HCM_0005,3,data/image_pipeline/downloaded/optimized/HCM_0005/HCM_0005_01.webp,data/image_pipeline/downloaded/optimized/HCM_0005/HCM_0005_01.webp|data/image_pipeline/downloaded/optimized/HCM_0005/HCM_0005_02.webp|data/image_pipeline/downloaded/optimized/HCM_0005/HCM_0005_03.webp,395888
HCM_0063,3,data/image_pipeline/downloaded/optimized/HCM_0063/HCM_0063_01.webp,data/image_pipeline/downloaded/optimized/HCM_0063/HCM_0063_01.webp|data/image_pipeline/downloaded/optimized/HCM_0063/HCM_0063_02.webp|data/image_pipeline/downloaded/optimized/HCM_0063/HCM_0063_03.webp,371816
HCM_0088,5,data/image_pipeline/downloaded/optimized/HCM_0088/HCM_0088_01.webp,data/image_pipeline/downloaded/optimized/HCM_0088/HCM_0088_01.webp|data/image_pipeline/downloaded/optimized/HCM_0088/HCM_0088_02.webp|data/image_pipeline/downloaded/optimized/HCM_0088/HCM_0088_03.webp|data/image_pipeline/downloaded/optimized/HCM_0088/HCM_0088_04.webp|data/image_pipeline/downloaded/optimized/HCM_0088/HCM_0088_05.webp,255182
HGI_0003,2,data/image_pipeline/downloaded/optimized/HGI_0003/HGI_0003_01.webp,data/image_pipeline/downloaded/optimized/HGI_0003/HGI_0003_01.webp|data/image_pipeline/downloaded/optimized/HGI_0003/HGI_0003_02.webp,290836
HGI_0005,2,data/image_pipeline/downloaded/optimized/HGI_0005/HGI_0005_01.webp,data/image_pipeline/downloaded/optimized/HGI_0005/HGI_0005_01.webp|data/image_pipeline/downloaded/optimized/HGI_0005/HGI_0005_02.webp,299152
HGI_0020,2,data/image_pipeline/downloaded/optimized/HGI_0020/HGI_0020_01.webp,data/image_pipeline/downloaded/optimized/HGI_0020/HGI_0020_01.webp|data/image_pipeline/downloaded/optimized/HGI_0020/HGI_0020_02.webp,374406
HGI_0022,3,data/image_pipeline/downloaded/optimized/HGI_0022/HGI_0022_01.webp,data/image_pipeline/downloaded/optimized/HGI_0022/HGI_0022_01.webp|data/image_pipeline/downloaded/optimized/HGI_0022/HGI_0022_02.webp|data/image_pipeline/downloaded/optimized/HGI_0022/HGI_0022_03.webp,370416
HGI_0081,5,data/image_pipeline/downloaded/optimized/HGI_0081/HGI_0081_01.webp,data/image_pipeline/downloaded/optimized/HGI_0081/HGI_0081_01.webp|data/image_pipeline/downloaded/optimized/HGI_0081/HGI_0081_02.webp|data/image_pipeline/downloaded/optimized/HGI_0081/HGI_0081_03.webp|data/image_pipeline/downloaded/optimized/HGI_0081/HGI_0081_04.webp|data/image_pipeline/downloaded/optimized/HGI_0081/HGI_0081_05.webp,220138
HPH_0051,2,data/image_pipeline/downloaded/optimized/HPH_0051/HPH_0051_01.webp,data/image_pipeline/downloaded/optimized/HPH_0051/HPH_0051_01.webp|data/image_pipeline/downloaded/optimized/HPH_0051/HPH_0051_02.webp,169912
HPH_0052,2,data/image_pipeline/downloaded/optimized/HPH_0052/HPH_0052_01.webp,data/image_pipeline/downloaded/optimized/HPH_0052/HPH_0052_01.webp|data/image_pipeline/downloaded/optimized/HPH_0052/HPH_0052_02.webp,396008
KG_0001,3,data/image_pipeline/downloaded/optimized/KG_0001/KG_0001_01.webp,data/image_pipeline/downloaded/optimized/KG_0001/KG_0001_01.webp|data/image_pipeline/downloaded/optimized/KG_0001/KG_0001_02.webp|data/image_pipeline/downloaded/optimized/KG_0001/KG_0001_03.webp,269680
KG_0002,3,data/image_pipeline/downloaded/optimized/KG_0002/KG_0002_01.webp,data/image_pipeline/downloaded/optimized/KG_0002/KG_0002_01.webp|data/image_pipeline/downloaded/optimized/KG_0002/KG_0002_02.webp|data/image_pipeline/downloaded/optimized/KG_0002/KG_0002_03.webp,604054
KG_0029,3,data/image_pipeline/downloaded/optimized/KG_0029/KG_0029_01.webp,data/image_pipeline/downloaded/optimized/KG_0029/KG_0029_01.webp|data/image_pipeline/downloaded/optimized/KG_0029/KG_0029_02.webp|data/image_pipeline/downloaded/optimized/KG_0029/KG_0029_03.webp,317042
KG_0030,3,data/image_pipeline/downloaded/optimized/KG_0030/KG_0030_01.webp,data/image_pipeline/downloaded/optimized/KG_0030/KG_0030_01.webp|data/image_pipeline/downloaded/optimized/KG_0030/KG_0030_02.webp|data/image_pipeline/downloaded/optimized/KG_0030/KG_0030_03.webp,431570
KG_0036,3,data/image_pipeline/downloaded/optimized/KG_0036/KG_0036_01.webp,data/image_pipeline/downloaded/optimized/KG_0036/KG_0036_01.webp|data/image_pipeline/downloaded/optimized/KG_0036/KG_0036_02.webp|data/image_pipeline/downloaded/optimized/KG_0036/KG_0036_03.webp,626600
KG_0058,4,data/image_pipeline/downloaded/optimized/KG_0058/KG_0058_01.webp,data/image_pipeline/downloaded/optimized/KG_0058/KG_0058_01.webp|data/image_pipeline/downloaded/optimized/KG_0058/KG_0058_02.webp|data/image_pipeline/downloaded/optimized/KG_0058/KG_0058_03.webp|data/image_pipeline/downloaded/optimized/KG_0058/KG_0058_04.webp,296444
KH_0001,1,data/image_pipeline/downloaded/optimized/KH_0001/KH_0001_01.webp,data/image_pipeline/downloaded/optimized/KH_0001/KH_0001_01.webp,35434
KH_0022,3,data/image_pipeline/downloaded/optimized/KH_0022/KH_0022_01.webp,data/image_pipeline/downloaded/optimized/KH_0022/KH_0022_01.webp|data/image_pipeline/downloaded/optimized/KH_0022/KH_0022_02.webp|data/image_pipeline/downloaded/optimized/KH_0022/KH_0022_03.webp,218462
KH_0026,2,data/image_pipeline/downloaded/optimized/KH_0026/KH_0026_01.webp,data/image_pipeline/downloaded/optimized/KH_0026/KH_0026_01.webp|data/image_pipeline/downloaded/optimized/KH_0026/KH_0026_02.webp,315866
KH_0042,3,data/image_pipeline/downloaded/optimized/KH_0042/KH_0042_01.webp,data/image_pipeline/downloaded/optimized/KH_0042/KH_0042_01.webp|data/image_pipeline/downloaded/optimized/KH_0042/KH_0042_02.webp|data/image_pipeline/downloaded/optimized/KH_0042/KH_0042_03.webp,355780
KH_0061,3,data/image_pipeline/downloaded/optimized/KH_0061/KH_0061_01.webp,data/image_pipeline/downloaded/optimized/KH_0061/KH_0061_01.webp|data/image_pipeline/downloaded/optimized/KH_0061/KH_0061_02.webp|data/image_pipeline/downloaded/optimized/KH_0061/KH_0061_03.webp,197554
KH_0066,3,data/image_pipeline/downloaded/optimized/KH_0066/KH_0066_01.webp,data/image_pipeline/downloaded/optimized/KH_0066/KH_0066_01.webp|data/image_pipeline/downloaded/optimized/KH_0066/KH_0066_02.webp|data/image_pipeline/downloaded/optimized/KH_0066/KH_0066_03.webp,179512
KH_0072,4,data/image_pipeline/downloaded/optimized/KH_0072/KH_0072_01.webp,data/image_pipeline/downloaded/optimized/KH_0072/KH_0072_01.webp|data/image_pipeline/downloaded/optimized/KH_0072/KH_0072_02.webp|data/image_pipeline/downloaded/optimized/KH_0072/KH_0072_03.webp|data/image_pipeline/downloaded/optimized/KH_0072/KH_0072_04.webp,325804
LCI_0001,2,data/image_pipeline/downloaded/optimized/LCI_0001/LCI_0001_01.webp,data/image_pipeline/downloaded/optimized/LCI_0001/LCI_0001_01.webp|data/image_pipeline/downloaded/optimized/LCI_0001/LCI_0001_02.webp,157120
LCI_0002,4,data/image_pipeline/downloaded/optimized/LCI_0002/LCI_0002_01.webp,data/image_pipeline/downloaded/optimized/LCI_0002/LCI_0002_01.webp|data/image_pipeline/downloaded/optimized/LCI_0002/LCI_0002_02.webp|data/image_pipeline/downloaded/optimized/LCI_0002/LCI_0002_03.webp|data/image_pipeline/downloaded/optimized/LCI_0002/LCI_0002_04.webp,253740
LCI_0061,1,data/image_pipeline/downloaded/optimized/LCI_0061/LCI_0061_01.webp,data/image_pipeline/downloaded/optimized/LCI_0061/LCI_0061_01.webp,99312
LD_0001,2,data/image_pipeline/downloaded/optimized/LD_0001/LD_0001_01.webp,data/image_pipeline/downloaded/optimized/LD_0001/LD_0001_01.webp|data/image_pipeline/downloaded/optimized/LD_0001/LD_0001_02.webp,310034
LD_0011,2,data/image_pipeline/downloaded/optimized/LD_0011/LD_0011_01.webp,data/image_pipeline/downloaded/optimized/LD_0011/LD_0011_01.webp|data/image_pipeline/downloaded/optimized/LD_0011/LD_0011_02.webp,218186
LD_0019,2,data/image_pipeline/downloaded/optimized/LD_0019/LD_0019_01.webp,data/image_pipeline/downloaded/optimized/LD_0019/LD_0019_01.webp|data/image_pipeline/downloaded/optimized/LD_0019/LD_0019_02.webp,663966
LD_0024,2,data/image_pipeline/downloaded/optimized/LD_0024/LD_0024_01.webp,data/image_pipeline/downloaded/optimized/LD_0024/LD_0024_01.webp|data/image_pipeline/downloaded/optimized/LD_0024/LD_0024_02.webp,442126
LD_0029,2,data/image_pipeline/downloaded/optimized/LD_0029/LD_0029_01.webp,data/image_pipeline/downloaded/optimized/LD_0029/LD_0029_01.webp|data/image_pipeline/downloaded/optimized/LD_0029/LD_0029_02.webp,440312
NA_0016,3,data/image_pipeline/downloaded/optimized/NA_0016/NA_0016_01.webp,data/image_pipeline/downloaded/optimized/NA_0016/NA_0016_01.webp|data/image_pipeline/downloaded/optimized/NA_0016/NA_0016_02.webp|data/image_pipeline/downloaded/optimized/NA_0016/NA_0016_03.webp,416848
NA_0103,5,data/image_pipeline/downloaded/optimized/NA_0103/NA_0103_01.webp,data/image_pipeline/downloaded/optimized/NA_0103/NA_0103_01.webp|data/image_pipeline/downloaded/optimized/NA_0103/NA_0103_02.webp|data/image_pipeline/downloaded/optimized/NA_0103/NA_0103_03.webp|data/image_pipeline/downloaded/optimized/NA_0103/NA_0103_04.webp|data/image_pipeline/downloaded/optimized/NA_0103/NA_0103_05.webp,413906
NB_0001,2,data/image_pipeline/downloaded/optimized/NB_0001/NB_0001_01.webp,data/image_pipeline/downloaded/optimized/NB_0001/NB_0001_01.webp|data/image_pipeline/downloaded/optimized/NB_0001/NB_0001_02.webp,350216
NB_0003,2,data/image_pipeline/downloaded/optimized/NB_0003/NB_0003_01.webp,data/image_pipeline/downloaded/optimized/NB_0003/NB_0003_01.webp|data/image_pipeline/downloaded/optimized/NB_0003/NB_0003_02.webp,768256
NB_0006,2,data/image_pipeline/downloaded/optimized/NB_0006/NB_0006_01.webp,data/image_pipeline/downloaded/optimized/NB_0006/NB_0006_01.webp|data/image_pipeline/downloaded/optimized/NB_0006/NB_0006_02.webp,209128
NB_0008,4,data/image_pipeline/downloaded/optimized/NB_0008/NB_0008_01.webp,data/image_pipeline/downloaded/optimized/NB_0008/NB_0008_01.webp|data/image_pipeline/downloaded/optimized/NB_0008/NB_0008_02.webp|data/image_pipeline/downloaded/optimized/NB_0008/NB_0008_03.webp|data/image_pipeline/downloaded/optimized/NB_0008/NB_0008_04.webp,611098
NB_0030,3,data/image_pipeline/downloaded/optimized/NB_0030/NB_0030_01.webp,data/image_pipeline/downloaded/optimized/NB_0030/NB_0030_01.webp|data/image_pipeline/downloaded/optimized/NB_0030/NB_0030_02.webp|data/image_pipeline/downloaded/optimized/NB_0030/NB_0030_03.webp,215706
NB_0035,3,data/image_pipeline/downloaded/optimized/NB_0035/NB_0035_01.webp,data/image_pipeline/downloaded/optimized/NB_0035/NB_0035_01.webp|data/image_pipeline/downloaded/optimized/NB_0035/NB_0035_02.webp|data/image_pipeline/downloaded/optimized/NB_0035/NB_0035_03.webp,527552
PY_0001,2,data/image_pipeline/downloaded/optimized/PY_0001/PY_0001_01.webp,data/image_pipeline/downloaded/optimized/PY_0001/PY_0001_01.webp|data/image_pipeline/downloaded/optimized/PY_0001/PY_0001_02.webp,312606
PY_0011,3,data/image_pipeline/downloaded/optimized/PY_0011/PY_0011_01.webp,data/image_pipeline/downloaded/optimized/PY_0011/PY_0011_01.webp|data/image_pipeline/downloaded/optimized/PY_0011/PY_0011_02.webp|data/image_pipeline/downloaded/optimized/PY_0011/PY_0011_03.webp,722896
QB_0001,2,data/image_pipeline/downloaded/optimized/QB_0001/QB_0001_01.webp,data/image_pipeline/downloaded/optimized/QB_0001/QB_0001_01.webp|data/image_pipeline/downloaded/optimized/QB_0001/QB_0001_02.webp,322848
QB_0002,1,data/image_pipeline/downloaded/optimized/QB_0002/QB_0002_01.webp,data/image_pipeline/downloaded/optimized/QB_0002/QB_0002_01.webp,126486
QB_0003,3,data/image_pipeline/downloaded/optimized/QB_0003/QB_0003_01.webp,data/image_pipeline/downloaded/optimized/QB_0003/QB_0003_01.webp|data/image_pipeline/downloaded/optimized/QB_0003/QB_0003_02.webp|data/image_pipeline/downloaded/optimized/QB_0003/QB_0003_03.webp,743882
QB_0004,1,data/image_pipeline/downloaded/optimized/QB_0004/QB_0004_01.webp,data/image_pipeline/downloaded/optimized/QB_0004/QB_0004_01.webp,247846
QN_0001,2,data/image_pipeline/downloaded/optimized/QN_0001/QN_0001_01.webp,data/image_pipeline/downloaded/optimized/QN_0001/QN_0001_01.webp|data/image_pipeline/downloaded/optimized/QN_0001/QN_0001_02.webp,175646
QN_0081,4,data/image_pipeline/downloaded/optimized/QN_0081/QN_0081_01.webp,data/image_pipeline/downloaded/optimized/QN_0081/QN_0081_01.webp|data/image_pipeline/downloaded/optimized/QN_0081/QN_0081_02.webp|data/image_pipeline/downloaded/optimized/QN_0081/QN_0081_03.webp|data/image_pipeline/downloaded/optimized/QN_0081/QN_0081_05.webp,558018
QN_0124,1,data/image_pipeline/downloaded/optimized/QN_0124/QN_0124_01.webp,data/image_pipeline/downloaded/optimized/QN_0124/QN_0124_01.webp,342872
QNAM_0001,3,data/image_pipeline/downloaded/optimized/QNAM_0001/QNAM_0001_01.webp,data/image_pipeline/downloaded/optimized/QNAM_0001/QNAM_0001_01.webp|data/image_pipeline/downloaded/optimized/QNAM_0001/QNAM_0001_02.webp|data/image_pipeline/downloaded/optimized/QNAM_0001/QNAM_0001_03.webp,650264
QNAM_0002,1,data/image_pipeline/downloaded/optimized/QNAM_0002/QNAM_0002_01.webp,data/image_pipeline/downloaded/optimized/QNAM_0002/QNAM_0002_01.webp,98414
QNAM_0018,5,data/image_pipeline/downloaded/optimized/QNAM_0018/QNAM_0018_01.webp,data/image_pipeline/downloaded/optimized/QNAM_0018/QNAM_0018_01.webp|data/image_pipeline/downloaded/optimized/QNAM_0018/QNAM_0018_02.webp|data/image_pipeline/downloaded/optimized/QNAM_0018/QNAM_0018_03.webp|data/image_pipeline/downloaded/optimized/QNAM_0018/QNAM_0018_04.webp|data/image_pipeline/downloaded/optimized/QNAM_0018/QNAM_0018_05.webp,1064358
QNAM_0027,3,data/image_pipeline/downloaded/optimized/QNAM_0027/QNAM_0027_01.webp,data/image_pipeline/downloaded/optimized/QNAM_0027/QNAM_0027_01.webp|data/image_pipeline/downloaded/optimized/QNAM_0027/QNAM_0027_02.webp|data/image_pipeline/downloaded/optimized/QNAM_0027/QNAM_0027_03.webp,410116
QNAM_0035,1,data/image_pipeline/downloaded/optimized/QNAM_0035/QNAM_0035_01.webp,data/image_pipeline/downloaded/optimized/QNAM_0035/QNAM_0035_01.webp,201788
QNG_0001,1,data/image_pipeline/downloaded/optimized/QNG_0001/QNG_0001_01.webp,data/image_pipeline/downloaded/optimized/QNG_0001/QNG_0001_01.webp,132792
SL_0001,5,data/image_pipeline/downloaded/optimized/SL_0001/SL_0001_01.webp,data/image_pipeline/downloaded/optimized/SL_0001/SL_0001_01.webp|data/image_pipeline/downloaded/optimized/SL_0001/SL_0001_02.webp|data/image_pipeline/downloaded/optimized/SL_0001/SL_0001_03.webp|data/image_pipeline/downloaded/optimized/SL_0001/SL_0001_04.webp|data/image_pipeline/downloaded/optimized/SL_0001/SL_0001_05.webp,640362
SL_0031,3,data/image_pipeline/downloaded/optimized/SL_0031/SL_0031_01.webp,data/image_pipeline/downloaded/optimized/SL_0031/SL_0031_01.webp|data/image_pipeline/downloaded/optimized/SL_0031/SL_0031_02.webp|data/image_pipeline/downloaded/optimized/SL_0031/SL_0031_03.webp,131164
TG_0015,5,data/image_pipeline/downloaded/optimized/TG_0015/TG_0015_01.webp,data/image_pipeline/downloaded/optimized/TG_0015/TG_0015_01.webp|data/image_pipeline/downloaded/optimized/TG_0015/TG_0015_02.webp|data/image_pipeline/downloaded/optimized/TG_0015/TG_0015_03.webp|data/image_pipeline/downloaded/optimized/TG_0015/TG_0015_04.webp|data/image_pipeline/downloaded/optimized/TG_0015/TG_0015_05.webp,559608
TH_0001,2,data/image_pipeline/downloaded/optimized/TH_0001/TH_0001_01.webp,data/image_pipeline/downloaded/optimized/TH_0001/TH_0001_01.webp|data/image_pipeline/downloaded/optimized/TH_0001/TH_0001_02.webp,85472
TH_0091,1,data/image_pipeline/downloaded/optimized/TH_0091/TH_0091_01.webp,data/image_pipeline/downloaded/optimized/TH_0091/TH_0091_01.webp,181436
TTH_0002,4,data/image_pipeline/downloaded/optimized/TTH_0002/TTH_0002_01.webp,data/image_pipeline/downloaded/optimized/TTH_0002/TTH_0002_01.webp|data/image_pipeline/downloaded/optimized/TTH_0002/TTH_0002_02.webp|data/image_pipeline/downloaded/optimized/TTH_0002/TTH_0002_03.webp|data/image_pipeline/downloaded/optimized/TTH_0002/TTH_0002_04.webp,530938
TTH_0003,1,data/image_pipeline/downloaded/optimized/TTH_0003/TTH_0003_01.webp,data/image_pipeline/downloaded/optimized/TTH_0003/TTH_0003_01.webp,198824
TTH_0025,3,data/image_pipeline/downloaded/optimized/TTH_0025/TTH_0025_01.webp,data/image_pipeline/downloaded/optimized/TTH_0025/TTH_0025_01.webp|data/image_pipeline/downloaded/optimized/TTH_0025/TTH_0025_02.webp|data/image_pipeline/downloaded/optimized/TTH_0025/TTH_0025_03.webp,507108
TTH_0026,3,data/image_pipeline/downloaded/optimized/TTH_0026/TTH_0026_01.webp,data/image_pipeline/downloaded/optimized/TTH_0026/TTH_0026_01.webp|data/image_pipeline/downloaded/optimized/TTH_0026/TTH_0026_02.webp|data/image_pipeline/downloaded/optimized/TTH_0026/TTH_0026_03.webp,435728
TTH_0032,2,data/image_pipeline/downloaded/optimized/TTH_0032/TTH_0032_01.webp,data/image_pipeline/downloaded/optimized/TTH_0032/TTH_0032_01.webp|data/image_pipeline/downloaded/optimized/TTH_0032/TTH_0032_02.webp,235496
TTH_0075,4,data/image_pipeline/downloaded/optimized/TTH_0075/TTH_0075_01.webp,data/image_pipeline/downloaded/optimized/TTH_0075/TTH_0075_01.webp|data/image_pipeline/downloaded/optimized/TTH_0075/TTH_0075_02.webp|data/image_pipeline/downloaded/optimized/TTH_0075/TTH_0075_03.webp|data/image_pipeline/downloaded/optimized/TTH_0075/TTH_0075_04.webp,338370
VP_0001,2,data/image_pipeline/downloaded/optimized/VP_0001/VP_0001_01.webp,data/image_pipeline/downloaded/optimized/VP_0001/VP_0001_01.webp|data/image_pipeline/downloaded/optimized/VP_0001/VP_0001_02.webp,162584
