rag_place_id,place_name,original_image_url,source_page_url,source,credit,license_note,image_order,is_primary,local_original_path,local_optimized_path,public_url,download_status,http_status,content_type,original_width,original_height,optimized_width,optimized_height,file_size_bytes,fail_reason,downloaded_at
SL_0031,Tà Xùa,https://ik.imagekit.io/tvlk/blog/2023/04/go-and-share-san-may-ta-xua-1-1024x768.jpg?tr=q-70%2Cc-at_max%2Cw-1000%2Ch-600,https://ik.imagekit.io/tvlk/blog/2023/04/go-and-share-san-may-ta-xua-1-1024x768.jpg?tr=q-70%2Cc-at_max%2Cw-1000%2Ch-600,Traveloka,,Cần kiểm tra quyền sử dụng,1,1,data/image_pipeline/downloaded/original/SL_0031/SL_0031_01_a7769698162e.jpg,data/image_pipeline/downloaded/optimized/SL_0031/SL_0031_01.webp,/images/destinations/SL_0031/SL_0031_01.webp,downloaded,200,image/webp,800,600,800,600,46892,,2026-05-07T11:44:41+00:00
SL_0031,Tà Xùa,https://ik.imagekit.io/tvlk/blog/2023/04/go-and-share-san-may-ta-xua-6-1024x768.jpg?tr=q-70%2Cc-at_max%2Cw-1000%2Ch-600,https://ik.imagekit.io/tvlk/blog/2023/04/go-and-share-san-may-ta-xua-6-1024x768.jpg?tr=q-70%2Cc-at_max%2Cw-1000%2Ch-600,Traveloka,,Cần kiểm tra quyền sử dụng,2,0,data/image_pipeline/downloaded/original/SL_0031/SL_0031_02_ed191978a68d.jpg,data/image_pipeline/downloaded/optimized/SL_0031/SL_0031_02.webp,/images/destinations/SL_0031/SL_0031_02.webp,downloaded,200,image/webp,800,600,800,600,58390,,2026-05-07T11:44:43+00:00
SL_0031,Tà Xùa,https://ik.imagekit.io/tvlk/blog/2023/04/go-and-share-san-may-ta-xua-7-1024x768.jpeg?tr=q-70%2Cc-at_max%2Cw-1000%2Ch-600,https://ik.imagekit.io/tvlk/blog/2023/04/go-and-share-san-may-ta-xua-7-1024x768.jpeg?tr=q-70%2Cc-at_max%2Cw-1000%2Ch-600,Traveloka,,Cần kiểm tra quyền sử dụng,3,0,data/image_pipeline/downloaded/original/SL_0031/SL_0031_03_a44def868bf7.jpg,data/image_pipeline/downloaded/optimized/SL_0031/SL_0031_03.webp,/images/destinations/SL_0031/SL_0031_03.webp,downloaded,200,image/webp,800,600,800,600,25882,,2026-05-07T11:44:44+00:00
NA_0103,Biển Cửa Hiền - Cửa Lò mở rộng,https://statics.vinwonders.com/bai-bien-cua-hien-1_1634213605.jpg,https://statics.vinwonders.com/bai-bien-cua-hien-1_1634213605.jpg,VinWonders,,Cần kiểm tra quyền sử dụng,1,1,data/image_pipeline/downloaded/original/NA_0103/NA_0103_01_cfdc473598b6.jpg,data/image_pipeline/downloaded/optimized/NA_0103/NA_0103_01.webp,/images/destinations/NA_0103/NA_0103_01.webp,downloaded,200,image/webp,700,525,700,525,71018,,2026-05-07T11:44:45+00:00
NA_0103,Biển Cửa Hiền - Cửa Lò mở rộng,https://statics.vinwonders.com/bien-cua-hien-2_1634136617.jpg,https://statics.vinwonders.com/bien-cua-hien-2_1634136617.jpg,VinWonders,,Cần kiểm tra quyền sử dụng,2,0,data/image_pipeline/downloaded/original/NA_0103/NA_0103_02_eeea7ea55b8c.jpg,data/image_pipeline/downloaded/optimized/NA_0103/NA_0103_02.webp,/images/destinations/NA_0103/NA_0103_02.webp,downloaded,200,image/webp,700,443,700,443,36156,,2026-05-07T11:44:47+00:00
NA_0103,Biển Cửa Hiền - Cửa Lò mở rộng,https://statics.vinwonders.com/bien-cua-hien-3_1634136648.png,https://statics.vinwonders.com/bien-cua-hien-3_1634136648.png,VinWonders,,Cần kiểm tra quyền sử dụng,3,0,data/image_pipeline/downloaded/original/NA_0103/NA_0103_03_928e6142cab4.png,data/image_pipeline/downloaded/optimized/NA_0103/NA_0103_03.webp,/images/destinations/NA_0103/NA_0103_03.webp,downloaded,200,image/webp,700,292,700,292,23340,,2026-05-07T11:44:48+00:00
QNAM_0018,Rừng dừa Bảy Mẫu Cẩm Thanh,https://mia.vn/media/uploads/blog-du-lich/Khu_sinh_thai_rung_dua_Bay_Mau_Hoi_An_Thich_thu_trai_nghiem_mua_thung_tren_song_1-1617958088.jpg,https://mia.vn/media/uploads/blog-du-lich/Khu_sinh_thai_rung_dua_Bay_Mau_Hoi_An_Thich_thu_trai_nghiem_mua_thung_tren_song_1-1617958088.jpg,MIA.vn,,Cần kiểm tra quyền sử dụng,1,1,data/image_pipeline/downloaded/original/QNAM_0018/QNAM_0018_01_8a9bc7c5622a.jpg,data/image_pipeline/downloaded/optimized/QNAM_0018/QNAM_0018_01.webp,/images/destinations/QNAM_0018/QNAM_0018_01.webp,downloaded,200,image/jpeg,1200,799,1200,799,247700,,2026-05-07T11:44:49+00:00
QNAM_0018,Rừng dừa Bảy Mẫu Cẩm Thanh,https://mia.vn/media/uploads/blog-du-lich/Khu_sinh_thai_rung_dua_Bay_Mau_Hoi_An_Thich_thu_trai_nghiem_mua_thung_tren_song_2-1617958089.jpeg,https://mia.vn/media/uploads/blog-du-lich/Khu_sinh_thai_rung_dua_Bay_Mau_Hoi_An_Thich_thu_trai_nghiem_mua_thung_tren_song_2-1617958089.jpeg,MIA.vn,,Cần kiểm tra quyền sử dụng,2,0,data/image_pipeline/downloaded/original/QNAM_0018/QNAM_0018_02_67f3e0de4d08.jpg,data/image_pipeline/downloaded/optimized/QNAM_0018/QNAM_0018_02.webp,/images/destinations/QNAM_0018/QNAM_0018_02.webp,downloaded,200,image/jpeg,1130,752,1130,752,378280,,2026-05-07T11:44:51+00:00
QNAM_0018,Rừng dừa Bảy Mẫu Cẩm Thanh,https://mia.vn/media/uploads/blog-du-lich/rung-dua-bay-mau-1-1722178299.jpg,https://mia.vn/media/uploads/blog-du-lich/rung-dua-bay-mau-1-1722178299.jpg,MIA.vn,,Cần kiểm tra quyền sử dụng,3,0,data/image_pipeline/downloaded/original/QNAM_0018/QNAM_0018_03_ca845f833b9c.jpg,data/image_pipeline/downloaded/optimized/QNAM_0018/QNAM_0018_03.webp,/images/destinations/QNAM_0018/QNAM_0018_03.webp,downloaded,200,image/jpeg,800,600,800,600,118390,,2026-05-07T11:44:52+00:00
QNAM_0018,Rừng dừa Bảy Mẫu Cẩm Thanh,https://mia.vn/media/uploads/blog-du-lich/rung-dua-bay-mau-2-1722178299.jpg,https://mia.vn/media/uploads/blog-du-lich/rung-dua-bay-mau-2-1722178299.jpg,MIA.vn,,Cần kiểm tra quyền sử dụng,4,0,data/image_pipeline/downloaded/original/QNAM_0018/QNAM_0018_04_6b2a08840666.jpg,data/image_pipeline/downloaded/optimized/QNAM_0018/QNAM_0018_04.webp,/images/destinations/QNAM_0018/QNAM_0018_04.webp,downloaded,200,image/jpeg,800,600,800,600,189430,,2026-05-07T11:44:54+00:00
QNAM_0018,Rừng dừa Bảy Mẫu Cẩm Thanh,https://mia.vn/media/uploads/blog-du-lich/Khu_sinh_thai_rung_dua_Bay_Mau_Hoi_An_Thich_thu_trai_nghiem_mua_thung_tren_song_7-1617958089.jpg,https://mia.vn/media/uploads/blog-du-lich/Khu_sinh_thai_rung_dua_Bay_Mau_Hoi_An_Thich_thu_trai_nghiem_mua_thung_tren_song_7-1617958089.jpg,MIA.vn,,Cần kiểm tra quyền sử dụng,5,0,data/image_pipeline/downloaded/original/QNAM_0018/QNAM_0018_05_359506ac3b1b.jpg,data/image_pipeline/downloaded/optimized/QNAM_0018/QNAM_0018_05.webp,/images/destinations/QNAM_0018/QNAM_0018_05.webp,downloaded,200,image/jpeg,1280,960,1280,960,130558,,2026-05-07T11:44:55+00:00
BDI_0001,Kỳ Co,https://ik.imagekit.io/tvlk/blog/2024/02/ky-co-1-1024x575.jpg?tr=q-70%2Cc-at_max%2Cw-1000%2Ch-600,https://ik.imagekit.io/tvlk/blog/2024/02/ky-co-1-1024x575.jpg?tr=q-70%2Cc-at_max%2Cw-1000%2Ch-600,Traveloka,,Cần kiểm tra quyền sử dụng,1,1,data/image_pipeline/downloaded/original/BDI_0001/BDI_0001_01_f8b9db07650b.jpg,data/image_pipeline/downloaded/optimized/BDI_0001/BDI_0001_01.webp,/images/destinations/BDI_0001/BDI_0001_01.webp,downloaded,200,image/webp,1000,562,1000,562,73080,,2026-05-07T11:44:57+00:00
BDI_0001,Kỳ Co,https://ik.imagekit.io/tvlk/blog/2024/02/ky-co-2-1024x767.jpg?tr=q-70%2Cc-at_max%2Cw-1000%2Ch-600,https://ik.imagekit.io/tvlk/blog/2024/02/ky-co-2-1024x767.jpg?tr=q-70%2Cc-at_max%2Cw-1000%2Ch-600,Traveloka,,Cần kiểm tra quyền sử dụng,2,0,data/image_pipeline/downloaded/original/BDI_0001/BDI_0001_02_3ee768e14142.jpg,data/image_pipeline/downloaded/optimized/BDI_0001/BDI_0001_02.webp,/images/destinations/BDI_0001/BDI_0001_02.webp,downloaded,200,image/webp,801,600,801,600,64380,,2026-05-07T11:44:58+00:00
BDI_0001,Kỳ Co,https://ik.imagekit.io/tvlk/blog/2024/02/ky-co-5-1024x768.jpg?tr=q-70%2Cc-at_max%2Cw-1000%2Ch-600,https://ik.imagekit.io/tvlk/blog/2024/02/ky-co-5-1024x768.jpg?tr=q-70%2Cc-at_max%2Cw-1000%2Ch-600,Traveloka,,Cần kiểm tra quyền sử dụng,3,0,data/image_pipeline/downloaded/original/BDI_0001/BDI_0001_03_976b082af592.jpg,data/image_pipeline/downloaded/optimized/BDI_0001/BDI_0001_03.webp,/images/destinations/BDI_0001/BDI_0001_03.webp,downloaded,200,image/webp,800,600,800,600,97356,,2026-05-07T11:45:00+00:00
BDI_0002,Eo Gió,https://ik.imagekit.io/tvlk/blog/2024/02/ky-co-11.jpg?tr=q-70%2Cc-at_max%2Cw-1000%2Ch-600,https://ik.imagekit.io/tvlk/blog/2024/02/ky-co-11.jpg?tr=q-70%2Cc-at_max%2Cw-1000%2Ch-600,Traveloka,,Cần kiểm tra quyền sử dụng,1,1,data/image_pipeline/downloaded/original/BDI_0002/BDI_0002_01_22a5fa14b4c9.jpg,data/image_pipeline/downloaded/optimized/BDI_0002/BDI_0002_01.webp,/images/destinations/BDI_0002/BDI_0002_01.webp,downloaded,200,image/webp,800,600,800,600,63460,,2026-05-07T11:45:01+00:00
DNO_0001,Hồ Tà Đùng,https://mia.vn/media/uploads/blog-du-lich/ho-ta-dung-10-1689609663.jpg,https://mia.vn/media/uploads/blog-du-lich/ho-ta-dung-10-1689609663.jpg,MIA.vn,,Cần kiểm tra quyền sử dụng,1,1,data/image_pipeline/downloaded/original/DNO_0001/DNO_0001_01_3daa8c589caa.jpg,data/image_pipeline/downloaded/optimized/DNO_0001/DNO_0001_01.webp,/images/destinations/DNO_0001/DNO_0001_01.webp,downloaded,200,image/jpeg,800,533,800,533,103306,,2026-05-07T11:45:03+00:00
DNO_0001,Hồ Tà Đùng,https://mia.vn/media/uploads/blog-du-lich/ho-ta-dung-12-1689609672.jpg,https://mia.vn/media/uploads/blog-du-lich/ho-ta-dung-12-1689609672.jpg,MIA.vn,,Cần kiểm tra quyền sử dụng,2,0,data/image_pipeline/downloaded/original/DNO_0001/DNO_0001_02_f2499db1c2c3.jpg,data/image_pipeline/downloaded/optimized/DNO_0001/DNO_0001_02.webp,/images/destinations/DNO_0001/DNO_0001_02.webp,downloaded,200,image/jpeg,800,599,800,599,102356,,2026-05-07T11:45:04+00:00
DNO_0001,Hồ Tà Đùng,https://mia.vn/media/uploads/blog-du-lich/ho-ta-dung-1-1689609630.jpg,https://mia.vn/media/uploads/blog-du-lich/ho-ta-dung-1-1689609630.jpg,MIA.vn,,Cần kiểm tra quyền sử dụng,3,0,data/image_pipeline/downloaded/original/DNO_0001/DNO_0001_03_f0e6ff99d6ac.jpg,data/image_pipeline/downloaded/optimized/DNO_0001/DNO_0001_03.webp,/images/destinations/DNO_0001/DNO_0001_03.webp,downloaded,200,image/jpeg,800,600,800,600,113194,,2026-05-07T11:45:06+00:00
DNO_0001,Hồ Tà Đùng,https://mia.vn/media/uploads/blog-du-lich/ho-ta-dung-2-1689609632.jpg,https://mia.vn/media/uploads/blog-du-lich/ho-ta-dung-2-1689609632.jpg,MIA.vn,,Cần kiểm tra quyền sử dụng,4,0,data/image_pipeline/downloaded/original/DNO_0001/DNO_0001_04_96c5d1ec3387.jpg,data/image_pipeline/downloaded/optimized/DNO_0001/DNO_0001_04.webp,/images/destinations/DNO_0001/DNO_0001_04.webp,downloaded,200,image/jpeg,800,600,800,600,190962,,2026-05-07T11:45:07+00:00
DNO_0001,Hồ Tà Đùng,https://mia.vn/media/uploads/blog-du-lich/ho-ta-dung-13-1689609675.jpg,https://mia.vn/media/uploads/blog-du-lich/ho-ta-dung-13-1689609675.jpg,MIA.vn,,Cần kiểm tra quyền sử dụng,5,0,data/image_pipeline/downloaded/original/DNO_0001/DNO_0001_05_38cfad78a008.jpg,data/image_pipeline/downloaded/optimized/DNO_0001/DNO_0001_05.webp,/images/destinations/DNO_0001/DNO_0001_05.webp,downloaded,200,image/jpeg,800,999,800,999,60862,,2026-05-07T11:45:08+00:00
HCM_0088,Biển 30/4 Cần Giờ,https://52hz.vn/wp-content/uploads/2022/10/52hz-bien-30-4-can-gio.jpg,https://52hz.vn/wp-content/uploads/2022/10/52hz-bien-30-4-can-gio.jpg,52Hz,,Cần kiểm tra quyền sử dụng,1,1,data/image_pipeline/downloaded/original/HCM_0088/HCM_0088_01_5550a8fac419.jpg,data/image_pipeline/downloaded/optimized/HCM_0088/HCM_0088_01.webp,/images/destinations/HCM_0088/HCM_0088_01.webp,downloaded,200,image/jpeg,1280,960,1280,960,116264,,2026-05-07T11:45:10+00:00
HCM_0088,Biển 30/4 Cần Giờ,https://52hz.vn/wp-content/uploads/2022/09/bien-30-4-can-gio-review.jpg,https://52hz.vn/wp-content/uploads/2022/09/bien-30-4-can-gio-review.jpg,52Hz,,Cần kiểm tra quyền sử dụng,2,0,data/image_pipeline/downloaded/original/HCM_0088/HCM_0088_02_ab39a1349de0.jpg,data/image_pipeline/downloaded/optimized/HCM_0088/HCM_0088_02.webp,/images/destinations/HCM_0088/HCM_0088_02.webp,downloaded,200,image/jpeg,840,473,840,473,34364,,2026-05-07T11:45:11+00:00
HCM_0088,Biển 30/4 Cần Giờ,https://52hz.vn/wp-content/uploads/2022/09/bien-30-4-can-gio-tam-bien.jpg,https://52hz.vn/wp-content/uploads/2022/09/bien-30-4-can-gio-tam-bien.jpg,52Hz,,Cần kiểm tra quyền sử dụng,3,0,data/image_pipeline/downloaded/original/HCM_0088/HCM_0088_03_1882ffe6e88e.jpg,data/image_pipeline/downloaded/optimized/HCM_0088/HCM_0088_03.webp,/images/destinations/HCM_0088/HCM_0088_03.webp,downloaded,200,image/jpeg,840,562,840,562,26092,,2026-05-07T11:45:12+00:00
HCM_0088,Biển 30/4 Cần Giờ,https://52hz.vn/wp-content/uploads/2022/09/bien-30-4-can-gio-ngam-binh-minh.jpg,https://52hz.vn/wp-content/uploads/2022/09/bien-30-4-can-gio-ngam-binh-minh.jpg,52Hz,,Cần kiểm tra quyền sử dụng,4,0,data/image_pipeline/downloaded/original/HCM_0088/HCM_0088_04_88424884c2a8.jpg,data/image_pipeline/downloaded/optimized/HCM_0088/HCM_0088_04.webp,/images/destinations/HCM_0088/HCM_0088_04.webp,downloaded,200,image/jpeg,840,556,840,556,53550,,2026-05-07T11:45:14+00:00
HCM_0088,Biển 30/4 Cần Giờ,https://cdn.vntrip.vn/cam-nang/wp-content/uploads/2018/01/du-lich-bien-30-4-can-gio.png,https://cdn.vntrip.vn/cam-nang/wp-content/uploads/2018/01/du-lich-bien-30-4-can-gio.png,VNTrip,,Cần kiểm tra quyền sử dụng,5,0,data/image_pipeline/downloaded/original/HCM_0088/HCM_0088_05_cb440faa402d.png,data/image_pipeline/downloaded/optimized/HCM_0088/HCM_0088_05.webp,/images/destinations/HCM_0088/HCM_0088_05.webp,downloaded,200,image/png,597,399,597,399,24912,,2026-05-07T11:45:15+00:00
TG_0015,Chùa Bửu Lâm Mỹ Tho,https://luhanhvietnam.com.vn/du-lich/vnt_upload/news/06_2024/chua_buu_lam_tien_giang_thamhiemmekong_min_1.jpg,https://luhanhvietnam.com.vn/du-lich/vnt_upload/news/06_2024/chua_buu_lam_tien_giang_thamhiemmekong_min_1.jpg,Lữ Hành Việt Nam,,Cần kiểm tra quyền sử dụng,1,1,data/image_pipeline/downloaded/original/TG_0015/TG_0015_01_6d2557f5cb74.jpg,data/image_pipeline/downloaded/optimized/TG_0015/TG_0015_01.webp,/images/destinations/TG_0015/TG_0015_01.webp,downloaded,200,image/jpeg,700,486,700,486,88130,,2026-05-07T11:45:16+00:00
TG_0015,Chùa Bửu Lâm Mỹ Tho,https://luhanhvietnam.com.vn/du-lich/vnt_upload/news/06_2024/chua_buu_lam_tien_giang_thamhiemmekong_2_min.jpg,https://luhanhvietnam.com.vn/du-lich/vnt_upload/news/06_2024/chua_buu_lam_tien_giang_thamhiemmekong_2_min.jpg,Lữ Hành Việt Nam,,Cần kiểm tra quyền sử dụng,2,0,data/image_pipeline/downloaded/original/TG_0015/TG_0015_02_fe0e4ffdfe74.jpg,data/image_pipeline/downloaded/optimized/TG_0015/TG_0015_02.webp,/images/destinations/TG_0015/TG_0015_02.webp,downloaded,200,image/jpeg,700,525,700,525,132636,,2026-05-07T11:45:17+00:00
TG_0015,Chùa Bửu Lâm Mỹ Tho,https://luhanhvietnam.com.vn/du-lich/vnt_upload/news/06_2024/chua_buu_lam_tien_giang_thamhiemmekong_4.jpg,https://luhanhvietnam.com.vn/du-lich/vnt_upload/news/06_2024/chua_buu_lam_tien_giang_thamhiemmekong_4.jpg,Lữ Hành Việt Nam,,Cần kiểm tra quyền sử dụng,3,0,data/image_pipeline/downloaded/original/TG_0015/TG_0015_03_cc09cfbdf9e6.jpg,data/image_pipeline/downloaded/optimized/TG_0015/TG_0015_03.webp,/images/destinations/TG_0015/TG_0015_03.webp,downloaded,200,image/jpeg,700,393,700,393,69586,,2026-05-07T11:45:19+00:00
TG_0015,Chùa Bửu Lâm Mỹ Tho,https://luhanhvietnam.com.vn/du-lich/vnt_upload/news/06_2024/chua_buu_lam_tien_giang_thamhiemmekong_1_min.jpg,https://luhanhvietnam.com.vn/du-lich/vnt_upload/news/06_2024/chua_buu_lam_tien_giang_thamhiemmekong_1_min.jpg,Lữ Hành Việt Nam,,Cần kiểm tra quyền sử dụng,4,0,data/image_pipeline/downloaded/original/TG_0015/TG_0015_04_ec66ecc041c9.jpg,data/image_pipeline/downloaded/optimized/TG_0015/TG_0015_04.webp,/images/destinations/TG_0015/TG_0015_04.webp,downloaded,200,image/jpeg,700,491,700,491,85608,,2026-05-07T11:45:20+00:00
TG_0015,Chùa Bửu Lâm Mỹ Tho,https://luhanhvietnam.com.vn/du-lich/vnt_upload/news/06_2024/chua_buu_lam_tien_giang_thamhiemmekong_3_min.jpg,https://luhanhvietnam.com.vn/du-lich/vnt_upload/news/06_2024/chua_buu_lam_tien_giang_thamhiemmekong_3_min.jpg,Lữ Hành Việt Nam,,Cần kiểm tra quyền sử dụng,5,0,data/image_pipeline/downloaded/original/TG_0015/TG_0015_05_1840262bed0c.jpg,data/image_pipeline/downloaded/optimized/TG_0015/TG_0015_05.webp,/images/destinations/TG_0015/TG_0015_05.webp,downloaded,200,image/jpeg,700,853,700,853,183648,,2026-05-07T11:45:21+00:00
CT_0031,Nhà cổ Bình Thủy,https://thamhiemmekong.com/wp-content/uploads/2019/04/nha-co-binh-thuy-03.jpg,https://thamhiemmekong.com/wp-content/uploads/2019/04/nha-co-binh-thuy-03.jpg,Thám Hiểm Mekong,,Cần kiểm tra quyền sử dụng,1,1,data/image_pipeline/downloaded/original/CT_0031/CT_0031_01_6256c36a77aa.jpg,data/image_pipeline/downloaded/optimized/CT_0031/CT_0031_01.webp,/images/destinations/CT_0031/CT_0031_01.webp,downloaded,200,image/jpeg,1023,627,1023,627,189274,,2026-05-07T11:45:23+00:00
CT_0031,Nhà cổ Bình Thủy,https://thamhiemmekong.com/wp-content/uploads/2019/04/nha-co-binh-thuy-4.jpg,https://thamhiemmekong.com/wp-content/uploads/2019/04/nha-co-binh-thuy-4.jpg,Thám Hiểm Mekong,,Cần kiểm tra quyền sử dụng,2,0,data/image_pipeline/downloaded/original/CT_0031/CT_0031_02_4e1b2fcc25ed.jpg,data/image_pipeline/downloaded/optimized/CT_0031/CT_0031_02.webp,/images/destinations/CT_0031/CT_0031_02.webp,downloaded,200,image/jpeg,1152,648,1152,648,145342,,2026-05-07T11:45:24+00:00
CT_0031,Nhà cổ Bình Thủy,https://thamhiemmekong.com/wp-content/uploads/2019/04/nha-co-binh-thuy-3-5.jpg,https://thamhiemmekong.com/wp-content/uploads/2019/04/nha-co-binh-thuy-3-5.jpg,Thám Hiểm Mekong,,Cần kiểm tra quyền sử dụng,3,0,data/image_pipeline/downloaded/original/CT_0031/CT_0031_03_5cb68b684b05.jpg,data/image_pipeline/downloaded/optimized/CT_0031/CT_0031_03.webp,/images/destinations/CT_0031/CT_0031_03.webp,downloaded,200,image/jpeg,768,959,768,959,147248,,2026-05-07T11:45:26+00:00
CT_0031,Nhà cổ Bình Thủy,https://thamhiemmekong.com/wp-content/uploads/2019/04/nhacobinhthuy-4.jpg,https://thamhiemmekong.com/wp-content/uploads/2019/04/nhacobinhthuy-4.jpg,Thám Hiểm Mekong,,Cần kiểm tra quyền sử dụng,4,0,data/image_pipeline/downloaded/original/CT_0031/CT_0031_04_7a8b8ef7d376.jpg,data/image_pipeline/downloaded/optimized/CT_0031/CT_0031_04.webp,/images/destinations/CT_0031/CT_0031_04.webp,downloaded,200,image/jpeg,1210,851,1210,851,384894,,2026-05-07T11:45:27+00:00
