seed_name,province,aliases,note
Hồ Núi Cốc,Thái Nguyên,"Núi Cốc|Khu du lịch Hồ Núi Cốc","điểm du lịch hồ nổi tiếng miền Bắc"
ATK Định Hóa,Thái Nguyên,"An toàn khu Định Hóa|ATK Thai Nguyen","di tích lịch sử quan trọng"
Đồi chè Tân Cương,Thái Nguyên,"Tân Cương Thái Nguyên|Đồi chè Thái Nguyên","điểm du lịch sinh thái/làng chè"
Hang Phượng Hoàng,Thái Nguyên,"Hang Phượng Hoàng Suối Mỏ Gà|Vo Nhai","hang động nổi tiếng"
Suối Mỏ Gà,Thái Nguyên,"Mỏ Gà|Suối Mỏ Gà Võ Nhai","điểm du lịch sinh thái"
Khu du lịch sinh thái Thái Hải,Thái Nguyên,"Bản làng Thái Hải|Thai Hai Village","du lịch cộng đồng"
Đền Đuổm,Thái Nguyên,"Đền Đuổm Phú Lương|Duom Temple","di tích tâm linh"
Hồ Ghềnh Chè,Thái Nguyên,"Ghenh Che Lake|Hồ Ghềnh Chè Sông Công","điểm du lịch hồ sinh thái"
Thác Khuôn Tát,Thái Nguyên,"Khuôn Tát|Thác Bảy Tầng","thác nước/di tích ATK"
Tam Thanh,Lạng Sơn,"Động Tam Thanh|Chùa Tam Thanh","danh thắng nổi tiếng Lạng Sơn"
Nhị Thanh,Lạng Sơn,"Động Nhị Thanh|Chùa Nhị Thanh","danh thắng nổi tiếng Lạng Sơn"
Núi Tô Thị,Lạng Sơn,"Nàng Tô Thị|To Thi Mountain","biểu tượng Lạng Sơn"
Ải Chi Lăng,Lạng Sơn,"Chi Lăng|Ải Chi Lăng Lạng Sơn","di tích lịch sử"
Chợ Đông Kinh,Lạng Sơn,"Đông Kinh Market|Chợ Đông Kinh Lạng Sơn","điểm mua sắm nổi tiếng"
Mẫu Sơn,Lạng Sơn,"Đỉnh Mẫu Sơn|Mau Son","điểm du lịch núi nổi tiếng"
Thành Nhà Mạc,Lạng Sơn,"Thành cổ Lạng Sơn|Mac Dynasty Citadel","di tích lịch sử"
Đền Kỳ Cùng,Lạng Sơn,"Kỳ Cùng|Đền Kỳ Cùng Lạng Sơn","điểm tâm linh"
Đền Mẫu Đồng Đăng,Lạng Sơn,"Đồng Đăng|Mẫu Đồng Đăng","điểm tâm linh nổi tiếng"
Hồ Pa Khoang,Điện Biên,"Pa Khoang Lake|Hồ Pá Khoang","hồ du lịch sinh thái"
Đồi A1,Điện Biên,"Đồi A1 Điện Biên|A1 Hill","di tích lịch sử Điện Biên"
Hầm Đờ Cát,Điện Biên,"Hầm De Castries|Hầm Đờ Cát Điện Biên","di tích lịch sử"
Bảo tàng Chiến thắng Điện Biên Phủ,Điện Biên,"Bảo tàng Điện Biên|Dien Bien Phu Victory Museum","bảo tàng lịch sử"
Cánh đồng Mường Thanh,Điện Biên,"Mường Thanh|Muong Thanh Field","cảnh quan nổi tiếng Điện Biên"
Cực Tây A Pa Chải,Điện Biên,"A Pa Chải|Mốc ngã ba biên giới","điểm cực Tây Việt Nam"
Suối khoáng nóng Hua Pe,Điện Biên,"Hua Pe Hot Spring|Hua Pe","du lịch nghỉ dưỡng"
Động Pa Thơm,Điện Biên,"Pa Thơm Cave|Động Pa Thơm Điện Biên","hang động du lịch"
Động Tiên Sơn,Lai Châu,"Tiên Sơn Lai Châu|Động Tiên Sơn Tam Đường","hang động nổi tiếng"
Đèo Ô Quy Hồ,Lai Châu,"Ô Quy Hồ|O Quy Ho Pass","cung đèo nổi tiếng"
Cao nguyên Sìn Hồ,Lai Châu,"Sìn Hồ|Sin Ho Plateau","điểm du lịch vùng cao"
Bạch Mộc Lương Tử,Lai Châu,"Kỳ Quan San|Bach Moc Luong Tu","điểm trekking nổi tiếng"
Pu Ta Leng,Lai Châu,"Pú Ta Leng|Putaleng","đỉnh núi trekking nổi tiếng"
Thác Tác Tình,Lai Châu,"Tác Tình|Tac Tinh Waterfall","thác nước nổi tiếng"
Cầu kính Rồng Mây,Lai Châu,"Rồng Mây|Cầu kính Lai Châu","điểm check-in nổi tiếng"
Bản Sin Suối Hồ,Lai Châu,"Sin Suoi Ho|Bản Sin Suối Hồ Phong Thổ","du lịch cộng đồng"
Mù Cang Chải,Yên Bái,"Mu Cang Chai|Ruộng bậc thang Mù Cang Chải","ruộng bậc thang nổi tiếng"
Đèo Khau Phạ,Yên Bái,"Khau Phạ|Khau Pha Pass","cung đèo nổi tiếng"
Tú Lệ,Yên Bái,"Tu Le|Thung lũng Tú Lệ","điểm du lịch ruộng lúa"
Suối Giàng,Yên Bái,"Suoi Giang|Chè Shan Tuyết Suối Giàng","du lịch sinh thái/văn hóa"
Hồ Thác Bà,Yên Bái,"Thác Bà Lake|Ho Thac Ba","hồ du lịch nổi tiếng"
Tà Chì Nhù,Yên Bái,"Ta Chi Nhu|Phu Song Sung","điểm trekking/săn mây"
Bản Lìm Mông,Yên Bái,"Lìm Mông|Lim Mong","bản du lịch vùng cao"
Nghĩa Lộ,Yên Bái,"Thung lũng Mường Lò|Muong Lo","du lịch văn hóa"
Đền Hùng,Phú Thọ,"Khu di tích Đền Hùng|Hung Kings Temple","di tích quốc gia đặc biệt"
Đầm Ao Châu,Phú Thọ,"Ao Châu|Đầm Ao Châu Hạ Hòa","điểm du lịch sinh thái"
Vườn quốc gia Xuân Sơn,Phú Thọ,"Xuân Sơn|Xuan Son National Park","vườn quốc gia"
Đảo Ngọc Xanh,Phú Thọ,"Khu du lịch Đảo Ngọc Xanh|Dao Ngoc Xanh","khu du lịch nghỉ dưỡng"
Đền Mẫu Âu Cơ,Phú Thọ,"Đền Âu Cơ|Mẫu Âu Cơ","điểm tâm linh"
Hồ Ly,Phú Thọ,"Hồ Ly Yên Lập|Ho Ly","điểm du lịch hồ"
Thác Mơ,Phú Thọ,"Thác Mơ Thanh Sơn|Thác Mơ Phú Thọ","thác nước"
Bạch Hạc,Phú Thọ,"Đền Bạch Hạc|Việt Trì","điểm tâm linh lịch sử"
Chùa Hương,Hà Nội,"Hương Sơn|Perfume Pagoda","quần thể tâm linh nổi tiếng"
Làng cổ Đường Lâm,Hà Nội,"Đường Lâm|Duong Lam Ancient Village","làng cổ nổi tiếng"
Ba Vì,Hà Nội,"Vườn quốc gia Ba Vì|Ba Vi National Park","điểm du lịch sinh thái"
Thiên Sơn Suối Ngà,Hà Nội,"Thiên Sơn - Suối Ngà|Ba Vì","khu du lịch sinh thái"
Khoang Xanh Suối Tiên,Hà Nội,"Khoang Xanh|Suối Tiên Ba Vì","khu du lịch sinh thái"
Làng gốm Bát Tràng,Hà Nội,"Bát Tràng|Bat Trang Ceramic Village","làng nghề nổi tiếng"
Làng lụa Vạn Phúc,Hà Nội,"Vạn Phúc|Van Phuc Silk Village","làng nghề nổi tiếng"
Nhà tù Hỏa Lò,Hà Nội,"Hỏa Lò|Hoa Lo Prison","di tích lịch sử"
Nhà hát Lớn Hà Nội,Hà Nội,"Hanoi Opera House|Nhà hát Lớn","kiến trúc biểu tượng"
Cầu Long Biên,Hà Nội,"Long Bien Bridge|Cầu Long Biên Hà Nội","biểu tượng Hà Nội"
Đền Ngọc Sơn,Hà Nội,"Ngọc Sơn|Đền Ngọc Sơn Hồ Gươm","điểm tâm linh biểu tượng"
Chùa Một Cột,Hà Nội,"One Pillar Pagoda|Chùa Một Cột Hà Nội","biểu tượng Hà Nội"
Hồ Tây,Hà Nội,"West Lake Hanoi|Hồ Tây Hà Nội","điểm tham quan Hà Nội"
Làng văn hóa các dân tộc Việt Nam,Hà Nội,"Vietnam National Village for Ethnic Culture and Tourism","du lịch văn hóa"
Khu du lịch Đại Nam,Bình Dương,"Đại Nam Văn Hiến|Dai Nam","khu du lịch lớn"
Chùa Hội Khánh,Bình Dương,"Hoi Khanh Pagoda|Chùa Hội Khánh Thủ Dầu Một","chùa nổi tiếng"
Làng tre Phú An,Bình Dương,"Phú An Bamboo Village|Làng tre Phú An","du lịch sinh thái"
Nhà thờ Phú Cường,Bình Dương,"Phu Cuong Cathedral|Nhà thờ Chánh tòa Phú Cường","kiến trúc nổi bật"
Hồ Dầu Tiếng,Bình Dương,"Dầu Tiếng Lake|Ho Dau Tieng","hồ lớn nổi tiếng"
Khu du lịch Thủy Châu,Bình Dương,"Thủy Châu|Thuy Chau Tourist Area","khu du lịch sinh thái"
Chùa Bà Thiên Hậu Bình Dương,Bình Dương,"Chùa Bà Bình Dương|Thiên Hậu Cung","điểm tâm linh"
Địa đạo Củ Chi,TP Hồ Chí Minh,"Cu Chi Tunnels|Củ Chi","di tích lịch sử"
Bảo tàng Chứng tích Chiến tranh,TP Hồ Chí Minh,"War Remnants Museum|Bảo tàng Chứng tích Chiến tranh","bảo tàng nổi tiếng"
Phố đi bộ Nguyễn Huệ,TP Hồ Chí Minh,"Nguyen Hue Walking Street|Nguyễn Huệ","điểm vui chơi trung tâm"
Bitexco Financial Tower,TP Hồ Chí Minh,"Bitexco|Saigon Skydeck","biểu tượng hiện đại"
Landmark 81,TP Hồ Chí Minh,"Landmark81|Vinhomes Central Park","biểu tượng hiện đại"
Chùa Ngọc Hoàng,TP Hồ Chí Minh,"Jade Emperor Pagoda|Chùa Phước Hải","điểm tâm linh"
Chợ Bình Tây,TP Hồ Chí Minh,"Binh Tay Market|Chợ Lớn","chợ nổi tiếng"
Phố người Hoa Chợ Lớn,TP Hồ Chí Minh,"Chợ Lớn|Chinatown Saigon","khu văn hóa nổi tiếng"
Bến Bạch Đằng,TP Hồ Chí Minh,"Bạch Đằng Wharf|Bến Bạch Đằng Sài Gòn","điểm tham quan trung tâm"
Thảo Cầm Viên Sài Gòn,TP Hồ Chí Minh,"Saigon Zoo|Thảo Cầm Viên","điểm tham quan lâu đời"
Khu du lịch Suối Tiên,TP Hồ Chí Minh,"Suoi Tien Theme Park|Suối Tiên","khu du lịch/vui chơi"
Công viên văn hóa Đầm Sen,TP Hồ Chí Minh,"Đầm Sen|Dam Sen Park","khu vui chơi"
Cần Giờ,TP Hồ Chí Minh,"Rừng Sác Cần Giờ|Cần Giờ Mangrove","du lịch sinh thái"
Đảo Thạnh An,TP Hồ Chí Minh,"Thạnh An|Thanh An Island","đảo ngoại thành"
Núi Bà Đen,Tây Ninh,"Bà Đen|Black Virgin Mountain","điểm du lịch tâm linh/núi"
Tòa Thánh Cao Đài,Tây Ninh,"Tòa thánh Tây Ninh|Cao Dai Holy See","kiến trúc/tâm linh nổi tiếng"
Ma Thiên Lãnh,Tây Ninh,"Ma Thiên Lãnh Tây Ninh","điểm du lịch thiên nhiên"
Hồ Dầu Tiếng,Tây Ninh,"Dầu Tiếng Lake Tây Ninh|Ho Dau Tieng","hồ du lịch"
Cửa khẩu Mộc Bài,Tây Ninh,"Mộc Bài|Moc Bai Border Gate","cửa khẩu nổi tiếng"
Vườn quốc gia Lò Gò Xa Mát,Tây Ninh,"Lò Gò Xa Mát|Lo Go Xa Mat National Park","vườn quốc gia"
Tháp cổ Bình Thạnh,Tây Ninh,"Tháp Bình Thạnh|Binh Thanh Tower","di tích Chăm"
Chùa Gò Kén,Tây Ninh,"Gò Kén|Chùa Thiền Lâm Gò Kén","điểm tâm linh"
Khu du lịch Bửu Long,Đồng Nai,"Bửu Long|Buu Long Tourist Area","điểm du lịch nổi tiếng Đồng Nai"
Vườn quốc gia Cát Tiên,Đồng Nai,"Cát Tiên|Cat Tien National Park","vườn quốc gia"
Thác Giang Điền,Đồng Nai,"Giang Điền|Giang Dien Waterfall","khu du lịch sinh thái"
Đá Ba Chồng,Đồng Nai,"Đá Ba Chồng Định Quán","danh thắng"
Núi Chứa Chan,Đồng Nai,"Gia Lào|Chứa Chan","núi trekking/tâm linh"
Hồ Trị An,Đồng Nai,"Tri An Lake|Hồ Trị An Đồng Nai","hồ du lịch"
Làng bưởi Tân Triều,Đồng Nai,"Tân Triều|Bưởi Tân Triều","du lịch vườn"
Khu du lịch Sơn Tiên,Đồng Nai,"Sơn Tiên|The Amazing Bay","khu vui chơi"
Cù Lao Phố,Đồng Nai,"Cù lao Phố Biên Hòa","di tích/văn hóa"
Vườn quốc gia Nam Cát Tiên,Đồng Nai,"Nam Cát Tiên|Cat Tien","du lịch sinh thái"
Hồ Mây Park,Bà Rịa - Vũng Tàu,"Hồ Mây|Ho May Park Vung Tau","khu du lịch nổi tiếng"
Mũi Nghinh Phong,Bà Rịa - Vũng Tàu,"Nghinh Phong|Mũi Nghinh Phong Vũng Tàu","điểm check-in biển"
Bãi Sau Vũng Tàu,Bà Rịa - Vũng Tàu,"Bãi Sau|Thùy Vân","bãi biển nổi tiếng"
Bãi Trước Vũng Tàu,Bà Rịa - Vũng Tàu,"Bãi Trước|Front Beach Vung Tau","bãi biển trung tâm"
Hòn Bà Vũng Tàu,Bà Rịa - Vũng Tàu,"Hòn Bà|Hon Ba Vung Tau","điểm tâm linh ven biển"
Đồi Con Heo,Bà Rịa - Vũng Tàu,"Đồi Con Heo Vũng Tàu","điểm check-in"
Marina Vũng Tàu,Bà Rịa - Vũng Tàu,"Bến du thuyền Marina|Vung Tau Marina","điểm check-in"
Long Hải,Bà Rịa - Vũng Tàu,"Biển Long Hải|Long Hai Beach","bãi biển nổi tiếng"
Dinh Cô Long Hải,Bà Rịa - Vũng Tàu,"Dinh Cô|Dinh Co Long Hai","điểm tâm linh"
Đèo Nước Ngọt,Bà Rịa - Vũng Tàu,"Đèo Nước Ngọt Long Hải","cung đường biển"
